{
  "model_name": "export_test_model",
  "algorithm": "random_forest",
  "model_type": "classification",
  "feature_columns": [
    "feature1",
    "feature2",
    "feature3",
    "feature4"
  ],
  "target_column": "target",
  "metrics": {
    "accuracy": 0.975,
    "precision": 0.975420673076923,
    "recall": 0.975,
    "f1_score": 0.9749906191369605,
    "primary_score": 0.975,
    "classification_report": {
      "0": {
        "precision": 0.9615384615384616,
        "recall": 0.9900990099009901,
        "f1-score": 0.975609756097561,
        "support": 101.0
      },
      "1": {
        "precision": 0.9895833333333334,
        "recall": 0.9595959595959596,
        "f1-score": 0.9743589743589743,
        "support": 99.0
      },
      "accuracy": 0.975,
      "macro avg": {
        "precision": 0.9755608974358975,
        "recall": 0.9748474847484748,
        "f1-score": 0.9749843652282677,
        "support": 200.0
      },
      "weighted avg": {
        "precision": 0.975420673076923,
        "recall": 0.975,
        "f1-score": 0.9749906191369605,
        "support": 200.0
      }
    },
    "confusion_matrix": [
      [
        100,
        1
      ],
      [
        4,
        95
      ]
    ]
  },
  "trained_at": "2025-07-24T02:14:17.096447",
  "export_format": "joblib"
}